{
    "efficiency": {
        "rp_mean": 5.797990843942403,
        "rp_std": 0.373929990206029,
        "fg_mean": 3.536025282325352,
        "fg_std": 0.38550102324130053
    },
    "factory_production": {
        "rp_rate": 20.258891213389123,
        "fg_rate": 42.299019607843135
    },
    "truck_arrival_rates_outbound": {
        "FG": {
            "6": 2.1183431952662723,
            "7": 3.8757396449704142,
            "8": 3.36094674556213,
            "9": 3.591715976331361,
            "10": 4.189349112426036,
            "11": 4.195266272189349,
            "12": 4.224852071005917,
            "13": 3.9822485207100593,
            "14": 3.863905325443787,
            "15": 3.42603550295858,
            "16": 3.42603550295858,
            "17": 2.7455621301775146,
            "18": 2.2781065088757395,
            "19": 1.893491124260355,
            "20": 0.9526627218934911,
            "21": 0.42011834319526625,
            "22": 0.21301775147928995
        },
        "R&P": {
            "4": 0.004201680672268907,
            "5": 0.004201680672268907,
            "6": 0.9621848739495799,
            "7": 1.403361344537815,
            "8": 1.3697478991596639,
            "9": 1.3781512605042017,
            "10": 1.1764705882352942,
            "11": 1.2605042016806722,
            "12": 0.957983193277311,
            "13": 1.0294117647058822,
            "14": 1.180672268907563,
            "15": 1.226890756302521,
            "16": 1.0924369747899159,
            "17": 1.0756302521008403,
            "18": 1.1722689075630253,
            "19": 1.7941176470588236,
            "20": 0.9705882352941176,
            "21": 0.9327731092436975,
            "22": 0.6470588235294118,
            "23": 0.4495798319327731
        }
    },
    "truck_arrival_rates_inbound": {
        "FG": {
            "6": 1.4579831932773109,
            "7": 2.407563025210084,
            "8": 2.73109243697479,
            "9": 2.9453781512605044,
            "10": 2.5714285714285716,
            "11": 2.411764705882353,
            "12": 2.5798319327731094,
            "13": 2.130252100840336,
            "14": 2.226890756302521,
            "15": 1.9915966386554622,
            "16": 2.2605042016806722,
            "17": 1.6260504201680672,
            "18": 1.819327731092437,
            "19": 1.5420168067226891,
            "20": 1.4411764705882353,
            "21": 0.8361344537815126,
            "22": 0.3025210084033613,
            "23": 0.5798319327731093
        },
        "R&P": {
            "5": 0.0041841004184100415,
            "6": 1.7615062761506277,
            "7": 1.0167364016736402,
            "8": 1.3849372384937237,
            "9": 0.9665271966527197,
            "10": 1.1966527196652719,
            "11": 1.205020920502092,
            "12": 1.4225941422594142,
            "13": 1.3305439330543933,
            "14": 1.4309623430962344,
            "15": 1.284518828451883,
            "16": 1.2635983263598327,
            "17": 1.1338912133891212,
            "18": 1.1799163179916319,
            "19": 0.8410041841004184,
            "20": 0.8451882845188284,
            "21": 0.9414225941422594,
            "22": 0.32217573221757323,
            "23": 0.24686192468619247
        }
    },
    "daily_demand": {
        "FG": {
            "inbound": {
                "mean": 1015.1764705882352,
                "std": 580.9565681938495,
                "median": 1256.5,
                "min": 26,
                "max": 1785,
                "total_days": 238
            },
            "outbound": {
                "mean": 1439.4674556213017,
                "std": 191.93429665429284,
                "median": 1438.0,
                "min": 99.0,
                "max": 1907.0,
                "total_days": 169
            }
        },
        "R&P": {
            "inbound": {
                "mean": 486.21338912133893,
                "std": 267.7570085325453,
                "median": 554.0,
                "min": 66,
                "max": 1006,
                "total_days": 239
            },
            "outbound": {
                "mean": 392.6344537815126,
                "std": 129.56329110849626,
                "median": 387.0,
                "min": 1.0,
                "max": 732.0,
                "total_days": 238
            }
        }
    },
    "hourly_dock_capacity": {
        "FG": {
            "loading": {
                "0": 0,
                "1": 0,
                "2": 0,
                "3": 0,
                "4": 0,
                "5": 0,
                "6": 2,
                "7": 4,
                "8": 3,
                "9": 3,
                "10": 3,
                "11": 4,
                "12": 4,
                "13": 3,
                "14": 3,
                "15": 3,
                "16": 3,
                "17": 3,
                "18": 2,
                "19": 2,
                "20": 1,
                "21": 0,
                "22": 0,
                "23": 0
            },
            "reception": {
                "0": 0,
                "1": 0,
                "2": 0,
                "3": 0,
                "4": 0,
                "5": 0,
                "6": 2,
                "7": 3,
                "8": 3,
                "9": 3,
                "10": 3,
                "11": 3,
                "12": 3,
                "13": 3,
                "14": 3,
                "15": 2,
                "16": 3,
                "17": 2,
                "18": 3,
                "19": 2,
                "20": 2,
                "21": 2,
                "22": 1,
                "23": 0
            }
        },
        "R&P": {
            "loading": {
                "0": 0,
                "1": 0,
                "2": 0,
                "3": 0,
                "4": 0,
                "5": 0,
                "6": 4,
                "7": 4,
                "8": 5,
                "9": 4,
                "10": 4,
                "11": 4,
                "12": 4,
                "13": 4,
                "14": 4,
                "15": 4,
                "16": 4,
                "17": 4,
                "18": 4,
                "19": 4,
                "20": 4,
                "21": 4,
                "22": 4,
                "23": 4
            },
            "reception": {
                "0": 0,
                "1": 0,
                "2": 0,
                "3": 0,
                "4": 0,
                "5": 0,
                "6": 2,
                "7": 1,
                "8": 2,
                "9": 1,
                "10": 1,
                "11": 2,
                "12": 2,
                "13": 2,
                "14": 2,
                "15": 2,
                "16": 2,
                "17": 2,
                "18": 1,
                "19": 1,
                "20": 1,
                "21": 2,
                "22": 1,
                "23": 1
            }
        }
    },
    "pallets_distribution": {
        "FG": {
            "type": "triangular",
            "min": 1,
            "mode": 31,
            "max": 276,
            "mean": 29.748588957055215,
            "std": 11.830364689383181,
            "median": 33.0,
            "count": 16300
        },
        "R&P": {
            "type": "normal",
            "min": 1,
            "mode": 22,
            "max": 44,
            "mean": 22.050063104753892,
            "std": 6.441887486125607,
            "median": 22.0,
            "count": 9508
        }
    },
    "fte_config": {
        "FG": {
            "Inbound": 44.75,
            "Outbound": 44.75,
            "efficiency": 665.43
        },
        "R&P": {
            "Inbound": 10.025,
            "Outbound": 10.025,
            "efficiency": 1308.83
        }
    },
    "generated_orders_path": "outputs/simulation_configs/generated_orders.json",
    "kpi_monthly_totals": {
        "FG": {
            "Inbound": {
                "1": 31052.0,