{
    "efficiency": {
        "rp_mean": 5.797990843942403,
        "rp_std": 0.373929990206029,
        "fg_mean": 3.536025282325352,
        "fg_std": 0.38550102324130053
    },
    "factory_production": {
        "rp_rate": 20.609848484848484,
        "fg_rate": 42.174012158054715
    },
    "buffer_capacity": {
        "rp_trailers": 4,
        "fg_trailers": 9,
        "pallets_per_trailer": 33
    },
    "truck_arrival_rates": {
        "FG": {
            "6": 2.106837606837607,
            "7": 3.6495726495726495,
            "8": 3.2222222222222223,
            "9": 3.3974358974358974,
            "10": 4.111111111111111,
            "11": 4.17948717948718,
            "12": 4.119658119658119,
            "13": 3.927350427350427,
            "14": 3.7777777777777777,
            "15": 3.3846153846153846,
            "16": 3.448717948717949,
            "17": 2.747863247863248,
            "18": 2.3675213675213675,
            "19": 2.072649572649573,
            "20": 0.9102564102564102,
            "21": 0.3034188034188034,
            "22": 0.20085470085470086
        },
        "R&P": {
            "4": 0.0035587188612099642,
            "5": 0.0035587188612099642,
            "6": 0.8327402135231317,
            "7": 1.2277580071174377,
            "8": 1.2277580071174377,
            "9": 1.2348754448398576,
            "10": 1.0427046263345197,
            "11": 1.1743772241992882,
            "12": 0.8434163701067615,
            "13": 0.896797153024911,
            "14": 1.0320284697508897,
            "15": 1.0711743772241993,
            "16": 0.9466192170818505,
            "17": 0.9395017793594306,
            "18": 1.0249110320284698,
            "19": 1.5444839857651245,
            "20": 0.8398576512455516,
            "21": 0.8149466192170819,
            "22": 0.5622775800711743,
            "23": 0.3914590747330961
        }
    },
    "daily_demand": {
        "FG": {
            "inbound": {
                "mean": 1012.1762917933131,
                "std": 571.937336067009,
                "median": 1244.0,
                "min": 26,
                "max": 1947,
                "total_days": 329
            },
            "outbound": {
                "mean": 1433.0641025641025,
                "std": 177.85435569277104,
                "median": 1434.0,
                "min": 99.0,
                "max": 1907.0,
                "total_days": 234
            }
        },
        "R&P": {
            "inbound": {
                "mean": 494.6363636363636,
                "std": 256.75580150207867,
                "median": 551.0,
                "min": 66,
                "max": 1120,
                "total_days": 308
            },
            "outbound": {
                "mean": 344.9181494661922,
                "std": 172.5177332234669,
                "median": 363.0,
                "min": 1.0,
                "max": 732.0,
                "total_days": 281
            }
        }
    },
    "hourly_dock_capacity": {
        "FG": {
            "loading": {
                "0": 0,
                "1": 0,
                "2": 0,
                "3": 0,
                "4": 0,
                "5": 0,
                "6": 2,
                "7": 4,
                "8": 3,
                "9": 3,
                "10": 3,
                "11": 4,
                "12": 4,
                "13": 3,
                "14": 3,
                "15": 3,
                "16": 3,
                "17": 3,
                "18": 2,
                "19": 2,
                "20": 1,
                "21": 0,
                "22": 0,
                "23": 0
            },
            "reception": {
                "0": 0,
                "1": 0,
                "2": 0,
                "3": 0,
                "4": 0,
                "5": 0,
                "6": 2,
                "7": 3,
                "8": 3,
                "9": 3,
                "10": 3,
                "11": 3,
                "12": 3,
                "13": 3,
                "14": 3,
                "15": 2,
                "16": 3,
                "17": 2,
                "18": 3,
                "19": 2,
                "20": 2,
                "21": 2,
                "22": 1,
                "23": 0
            }
        },
        "RP": {
            "loading": {
                "0": 1,
                "1": 1,
                "2": 1,
                "3": 1,
                "4": 1,
                "5": 1,
                "6": 4,
                "7": 4,
                "8": 5,
                "9": 4,
                "10": 4,
                "11": 4,
                "12": 4,
                "13": 4,
                "14": 4,
                "15": 4,
                "16": 4,
                "17": 4,
                "18": 4,
                "19": 4,
                "20": 4,
                "21": 4,
                "22": 4,
                "23": 4
            },
            "reception": {
                "0": 0,
                "1": 0,
                "2": 0,
                "3": 0,
                "4": 0,
                "5": 0,
                "6": 2,
                "7": 1,
                "8": 2,
                "9": 1,
                "10": 1,
                "11": 2,
                "12": 2,
                "13": 2,
                "14": 2,
                "15": 2,
                "16": 2,
                "17": 2,
                "18": 1,
                "19": 1,
                "20": 1,
                "21": 2,
                "22": 1,
                "23": 1
            }
        }
    },
    "pallets_distribution": {
        "FG": {
            "type": "triangular",
            "min": 1,
            "mode": 31,
            "max": 276,
            "mean": 30.003725983120848,
            "std": 12.267753928094075,
            "median": 33.0,
            "count": 22276
        },
        "R&P": {
            "type": "triangular",
            "min": 1,
            "mode": 18,
            "max": 560,
            "mean": 22.65267175572519,
            "std": 9.69702101671149,
            "median": 22.0,
            "count": 11004
        }
    },
    "fte_total": 123,
    "fte_allocation": {
        "rp_baseline": 26,
        "fg_baseline": 97
    },
    "data_source": {
        "efficiency_source": "KPI sheet 2025.xlsx (11 months)",
        "demand_source": "Total Shipments 2025.xlsx (full year)",
        "dock_capacity_source": "Timeslot by week W1-W48.xlsx (48 weeks)",
        "pallet_distribution_source": "Total Shipments 2025.xlsx analysis",
        "fte_source": "KPI sheet 2025.xlsx Hours data",
        "extraction_date": "2026-01-09",
        "year": 2025
    }
}